{
    "SVM": {
        "accuracy": 0.9892569382273948,
        "precision": 0.9931506849315068,
        "recall": 0.9294871794871795,
        "f1": 0.9602649006622517
    },
    "Naive Bayes": {
        "accuracy": 0.9794091316025068,
        "precision": 1.0,
        "recall": 0.8525641025641025,
        "f1": 0.9204152249134948
    },
    "Random Forest": {
        "accuracy": 0.9856759176365264,
        "precision": 0.9929577464788732,
        "recall": 0.9038461538461539,
        "f1": 0.9463087248322147
    },
    "Logistic Regression": {
        "accuracy": 0.9713518352730528,
        "precision": 1.0,
        "recall": 0.7948717948717948,
        "f1": 0.8857142857142857
    },
    "best_model": "SVM"
}